{"cameraMode":{"drawMode":0,"name":"Shaded","section":"Shading Mode"},"sceneLighting":false,"audioPlay":false,"sceneViewState":{"showFog":true,"showMaterialUpdate":false,"showSkybox":false,"showFlares":true,"showImageEffects":true,"showParticleSystems":true},"in2DMode":false,"pivot":{"x":-2.6243057250976564,"y":-9.746408462524414,"z":1.4937324523925782},"rotation":{"x":-0.38736194372177126,"y":-0.013276830315589905,"z":0.0055841426365077499,"w":-0.9218217134475708},"size":42.97344207763672,"orthographic":false}